﻿<?xml version="1.0" encoding="UTF-8"?>
<MetaDataObject xmlns="http://v8.1c.ru/8.3/MDClasses" xmlns:app="http://v8.1c.ru/8.2/managed-application/core" xmlns:cfg="http://v8.1c.ru/8.1/data/enterprise/current-config" xmlns:cmi="http://v8.1c.ru/8.2/managed-application/cmi" xmlns:ent="http://v8.1c.ru/8.1/data/enterprise" xmlns:lf="http://v8.1c.ru/8.2/managed-application/logform" xmlns:style="http://v8.1c.ru/8.1/data/ui/style" xmlns:sys="http://v8.1c.ru/8.1/data/ui/fonts/system" xmlns:v8="http://v8.1c.ru/8.1/data/core" xmlns:v8ui="http://v8.1c.ru/8.1/data/ui" xmlns:web="http://v8.1c.ru/8.1/data/ui/colors/web" xmlns:win="http://v8.1c.ru/8.1/data/ui/colors/windows" xmlns:xen="http://v8.1c.ru/8.3/xcf/enums" xmlns:xpr="http://v8.1c.ru/8.3/xcf/predef" xmlns:xr="http://v8.1c.ru/8.3/xcf/readable" xmlns:xs="http://www.w3.org/2001/XMLSchema" xmlns:xsi="http://www.w3.org/2001/XMLSchema-instance" version="2.19">
	<Configuration uuid="75bb0557-4c0d-4960-a15c-70dc811b15d7">
		<InternalInfo>
			<xr:ContainedObject>
				<xr:ClassId>9cd510cd-abfc-11d4-9434-004095e12fc7</xr:ClassId>
				<xr:ObjectId>fc829639-5a13-4522-a07a-1decc4378c0d</xr:ObjectId>
			</xr:ContainedObject>
			<xr:ContainedObject>
				<xr:ClassId>9fcd25a0-4822-11d4-9414-008048da11f9</xr:ClassId>
				<xr:ObjectId>915fea20-178a-41c8-adf3-14ec3d609f09</xr:ObjectId>
			</xr:ContainedObject>
			<xr:ContainedObject>
				<xr:ClassId>e3687481-0a87-462c-a166-9f34594f9bba</xr:ClassId>
				<xr:ObjectId>2cd7e41e-906a-4030-b982-708784ff8d58</xr:ObjectId>
			</xr:ContainedObject>
			<xr:ContainedObject>
				<xr:ClassId>9de14907-ec23-4a07-96f0-85521cb6b53b</xr:ClassId>
				<xr:ObjectId>584a7035-847b-47b5-a8d8-e67d22811295</xr:ObjectId>
			</xr:ContainedObject>
			<xr:ContainedObject>
				<xr:ClassId>51f2d5d8-ea4d-4064-8892-82951750031e</xr:ClassId>
				<xr:ObjectId>56746a38-4271-4e41-b21b-9c01418dc054</xr:ObjectId>
			</xr:ContainedObject>
			<xr:ContainedObject>
				<xr:ClassId>e68182ea-4237-4383-967f-90c1e3370bc7</xr:ClassId>
				<xr:ObjectId>7f447438-1957-484e-882d-28daaa15d883</xr:ObjectId>
			</xr:ContainedObject>
			<xr:ContainedObject>
				<xr:ClassId>fb282519-d103-4dd3-bc12-cb271d631dfc</xr:ClassId>
				<xr:ObjectId>f6528538-4925-44ae-bd37-4d5dc51a3dc8</xr:ObjectId>
			</xr:ContainedObject>
		</InternalInfo>
		<Properties>
			<Name>УчетПосещаемостиВоспитанников</Name>
			<Synonym>
				<v8:item>
					<v8:lang>ru</v8:lang>
					<v8:content>Учет посещаемости воспитанников</v8:content>
				</v8:item>
			</Synonym>
			<Comment/>
			<NamePrefix/>
			<ConfigurationExtensionCompatibilityMode>Version8_3_26</ConfigurationExtensionCompatibilityMode>
			<DefaultRunMode>ManagedApplication</DefaultRunMode>
			<UsePurposes>
				<v8:Value xsi:type="app:ApplicationUsePurpose">PlatformApplication</v8:Value>
			</UsePurposes>
			<ScriptVariant>Russian</ScriptVariant>
			<DefaultRoles/>
			<Vendor>Утри</Vendor>
			<Version>1.0.0</Version>
			<UpdateCatalogAddress/>
			<IncludeHelpInContents>false</IncludeHelpInContents>
			<UseManagedFormInOrdinaryApplication>false</UseManagedFormInOrdinaryApplication>
			<UseOrdinaryFormInManagedApplication>false</UseOrdinaryFormInManagedApplication>
			<AdditionalFullTextSearchDictionaries/>
			<CommonSettingsStorage/>
			<ReportsUserSettingsStorage/>
			<ReportsVariantsStorage/>
			<FormDataSettingsStorage/>
			<DynamicListsUserSettingsStorage/>
			<URLExternalDataStorage/>
			<Content/>
			<DefaultReportForm/>
			<DefaultReportVariantForm/>
			<DefaultReportSettingsForm/>
			<DefaultReportAppearanceTemplate/>
			<DefaultDynamicListSettingsForm/>
			<DefaultSearchForm/>
			<DefaultDataHistoryChangeHistoryForm/>
			<DefaultDataHistoryVersionDataForm/>
			<DefaultDataHistoryVersionDifferencesForm/>
			<DefaultCollaborationSystemUsersChoiceForm/>
			<RequiredMobileApplicationPermissions/>
			<UsedMobileApplicationFunctionalities>
				<app:functionality>
					<app:functionality>Biometrics</app:functionality>
					<app:use>true</app:use>
				</app:functionality>
				<app:functionality>
					<app:functionality>Location</app:functionality>
					<app:use>false</app:use>
				</app:functionality>
				<app:functionality>
					<app:functionality>BackgroundLocation</app:functionality>
					<app:use>false</app:use>
				</app:functionality>
				<app:functionality>
					<app:functionality>BluetoothPrinters</app:functionality>
					<app:use>false</app:use>
				</app:functionality>
				<app:functionality>
					<app:functionality>WiFiPrinters</app:functionality>
					<app:use>false</app:use>
				</app:functionality>
				<app:functionality>
					<app:functionality>Contacts</app:functionality>
					<app:use>false</app:use>
				</app:functionality>
				<app:functionality>
					<app:functionality>Calendars</app:functionality>
					<app:use>false</app:use>
				</app:functionality>
				<app:functionality>
					<app:functionality>PushNotifications</app:functionality>
					<app:use>false</app:use>
				</app:functionality>
				<app:functionality>
					<app:functionality>LocalNotifications</app:functionality>
					<app:use>false</app:use>
				</app:functionality>
				<app:functionality>
					<app:functionality>InAppPurchases</app:functionality>
					<app:use>false</app:use>
				</app:functionality>
				<app:functionality>
					<app:functionality>PersonalComputerFileExchange</app:functionality>
					<app:use>false</app:use>
				</app:functionality>
				<app:functionality>
					<app:functionality>Ads</app:functionality>
					<app:use>false</app:use>
				</app:functionality>
				<app:functionality>
					<app:functionality>NumberDialing</app:functionality>
					<app:use>false</app:use>
				</app:functionality>
				<app:functionality>
					<app:functionality>CallProcessing</app:functionality>
					<app:use>false</app:use>
				</app:functionality>
				<app:functionality>
					<app:functionality>CallLog</app:functionality>
					<app:use>false</app:use>
				</app:functionality>
				<app:functionality>
					<app:functionality>AutoSendSMS</app:functionality>
					<app:use>false</app:use>
				</app:functionality>
				<app:functionality>
					<app:functionality>ReceiveSMS</app:functionality>
					<app:use>false</app:use>
				</app:functionality>
				<app:functionality>
					<app:functionality>SMSLog</app:functionality>
					<app:use>false</app:use>
				</app:functionality>
				<app:functionality>
					<app:functionality>Camera</app:functionality>
					<app:use>false</app:use>
				</app:functionality>
				<app:functionality>
					<app:functionality>Microphone</app:functionality>
					<app:use>false</app:use>
				</app:functionality>
				<app:functionality>
					<app:functionality>MusicLibrary</app:functionality>
					<app:use>false</app:use>
				</app:functionality>
				<app:functionality>
					<app:functionality>PictureAndVideoLibraries</app:functionality>
					<app:use>false</app:use>
				</app:functionality>
				<app:functionality>
					<app:functionality>AudioPlaybackAndVibration</app:functionality>
					<app:use>false</app:use>
				</app:functionality>
				<app:functionality>
					<app:functionality>BackgroundAudioPlaybackAndVibration</app:functionality>
					<app:use>false</app:use>
				</app:functionality>
				<app:functionality>
					<app:functionality>InstallPackages</app:functionality>
					<app:use>false</app:use>
				</app:functionality>
				<app:functionality>
					<app:functionality>OSBackup</app:functionality>
					<app:use>true</app:use>
				</app:functionality>
				<app:functionality>
					<app:functionality>ApplicationUsageStatistics</app:functionality>
					<app:use>false</app:use>
				</app:functionality>
				<app:functionality>
					<app:functionality>BarcodeScanning</app:functionality>
					<app:use>false</app:use>
				</app:functionality>
				<app:functionality>
					<app:functionality>BackgroundAudioRecording</app:functionality>
					<app:use>false</app:use>
				</app:functionality>
				<app:functionality>
					<app:functionality>AllFilesAccess</app:functionality>
					<app:use>false</app:use>
				</app:functionality>
				<app:functionality>
					<app:functionality>Videoconferences</app:functionality>
					<app:use>false</app:use>
				</app:functionality>
				<app:functionality>
					<app:functionality>NFC</app:functionality>
					<app:use>false</app:use>
				</app:functionality>
				<app:functionality>
					<app:functionality>DocumentScanning</app:functionality>
					<app:use>false</app:use>
				</app:functionality>
				<app:functionality>
					<app:functionality>SpeechToText</app:functionality>
					<app:use>false</app:use>
				</app:functionality>
				<app:functionality>
					<app:functionality>Geofences</app:functionality>
					<app:use>false</app:use>
				</app:functionality>
				<app:functionality>
					<app:functionality>IncomingShareRequests</app:functionality>
					<app:use>false</app:use>
				</app:functionality>
				<app:functionality>
					<app:functionality>AllIncomingShareRequestsTypesProcessing</app:functionality>
					<app:use>false</app:use>
				</app:functionality>
				<app:functionality>
					<app:functionality>TextToSpeech</app:functionality>
					<app:use>false</app:use>
				</app:functionality>
			</UsedMobileApplicationFunctionalities>
			<StandaloneConfigurationRestrictionRoles/>
			<MobileApplicationURLs/>
			<AllowedIncomingShareRequestTypes/>
			<MainClientApplicationWindowMode>Normal</MainClientApplicationWindowMode>
			<DefaultInterface/>
			<DefaultStyle>Style.СинийСтальной</DefaultStyle>
			<DefaultLanguage>Language.Русский</DefaultLanguage>
			<BriefInformation/>
			<DetailedInformation/>
			<Copyright>
				<v8:item>
					<v8:lang>ru</v8:lang>
					<v8:content>Copyright (C) Утри, 2025. Все права защищены</v8:content>
				</v8:item>
			</Copyright>
			<VendorInformationAddress>
				<v8:item>
					<v8:lang>ru</v8:lang>
					<v8:content>г. Бурильцево</v8:content>
				</v8:item>
			</VendorInformationAddress>
			<ConfigurationInformationAddress/>
			<DataLockControlMode>Managed</DataLockControlMode>
			<ObjectAutonumerationMode>NotAutoFree</ObjectAutonumerationMode>
			<ModalityUseMode>DontUse</ModalityUseMode>
			<SynchronousPlatformExtensionAndAddInCallUseMode>Use</SynchronousPlatformExtensionAndAddInCallUseMode>
			<InterfaceCompatibilityMode>Taxi</InterfaceCompatibilityMode>
			<DatabaseTablespacesUseMode>DontUse</DatabaseTablespacesUseMode>
			<CompatibilityMode>Version8_3_26</CompatibilityMode>
			<DefaultConstantsForm/>
		</Properties>
		<ChildObjects>
			<Language>Русский</Language>
			<Subsystem>Сотрудники</Subsystem>
			<Subsystem>Группы</Subsystem>
			<Subsystem>Посещаемость</Subsystem>
			<Style>СинийСтальной</Style>
			<CommonPicture>Сотрудники</CommonPicture>
			<CommonPicture>Группы</CommonPicture>
			<CommonPicture>Посещаемость</CommonPicture>
			<CommonPicture>Заставка</CommonPicture>
			<Role>Администратор</Role>
			<Role>Воспитатель</Role>
			<CommonForm>ФормаОбОрганизации</CommonForm>
			<Catalog>Воспитанники</Catalog>
			<Catalog>ЗаконныеПредставители</Catalog>
			<Catalog>Группы</Catalog>
			<Catalog>Сотрудники</Catalog>
			<Catalog>Должности</Catalog>
			<Catalog>Организация</Catalog>
			<Document>РегистрацияПропусковЗанятий</Document>
			<Document>ПриказОПереводеВГруппу</Document>
			<Enum>Пол</Enum>
			<Enum>СтепеньРодства</Enum>
			<Enum>ВозрастнаяКатегория</Enum>
			<Enum>СтатусПосещаемости</Enum>
			<Report>АнализПосещаемости</Report>
			<Report>ПосещаемостьПоДням</Report>
			<Report>ГрафическийРейтингОпозданий</Report>
			<Report>РейтингГруппПоПосещаемости</Report>
			<Report>СводнаяВедомостьПоУспеваемости</Report>
			<Report>СписокГрупп</Report>
			<Report>СписокСотрудников</Report>
			<InformationRegister>УчетПосещений</InformationRegister>
			<AccumulationRegister>КоличествоПосещений</AccumulationRegister>
		</ChildObjects>
	</Configuration>
</MetaDataObject>