﻿<?xml version="1.0" encoding="UTF-8"?>
<ConfigDumpInfo xmlns="http://v8.1c.ru/8.3/xcf/dumpinfo" xmlns:xen="http://v8.1c.ru/8.3/xcf/enums" xmlns:xs="http://www.w3.org/2001/XMLSchema" xmlns:xsi="http://www.w3.org/2001/XMLSchema-instance" format="Hierarchical" version="2.19">
	<ConfigVersions>
		<Metadata name="AccumulationRegister.КоличествоПосещений" id="e6604573-060a-495b-a8d3-90f6cc907186" configVersion="0097692292979943a8253513893eeb4e00000000">
			<Metadata name="AccumulationRegister.КоличествоПосещений.Resource.КолУваж" id="26a6f376-3ae2-4614-bd96-3468ec025bc3"/>
			<Metadata name="AccumulationRegister.КоличествоПосещений.Dimension.Воспитанник" id="c642aa98-0a72-47a2-a624-82e84a943902"/>
			<Metadata name="AccumulationRegister.КоличествоПосещений.Resource.КолБолел" id="dc4a1ee1-04e2-4a61-b354-0f16ed9346b3"/>
			<Metadata name="AccumulationRegister.КоличествоПосещений.Resource.КолНеуваж" id="f7cc089b-81b0-498a-9888-7fff881c9c90"/>
		</Metadata>
		<Metadata name="Catalog.Воспитанники" id="05b82510-3709-41ff-93be-efa2ff61c719" configVersion="7e8f0129a4121f4abdb3914920cf2e7d00000000">
			<Metadata name="Catalog.Воспитанники.Attribute.Группа" id="575c6fa4-df67-41a2-8607-0e6f1ef85a26"/>
			<Metadata name="Catalog.Воспитанники.Attribute.ДатаРождения" id="5bff3d74-250a-40c6-8495-8304264bda21"/>
			<Metadata name="Catalog.Воспитанники.Attribute.ДатаЗачисления" id="a8709fe2-dfed-4d7c-b13f-0c6d7666f5f4"/>
			<Metadata name="Catalog.Воспитанники.Attribute.АдресПроживания" id="b34793a7-8669-414e-9b67-2f3270447c62"/>
			<Metadata name="Catalog.Воспитанники.TabularSection.Родители.Attribute.ЗаконныйПредставитель" id="b4682387-32f4-4529-8a95-960c167f9d2c"/>
			<Metadata name="Catalog.Воспитанники.Attribute.Пол" id="d778524f-d55e-47da-8977-f5b0a94507aa"/>
			<Metadata name="Catalog.Воспитанники.TabularSection.Родители" id="d7a56225-ba35-48b4-9b12-bedaf38534a6"/>
		</Metadata>
		<Metadata name="Catalog.Воспитанники.Form.ФормаВыбора" id="6e15dfbd-eb47-4d21-b4f0-f516afc74f32" configVersion="7df864fcff57d04ca0bbf9992056544c00000000"/>
		<Metadata name="Catalog.Воспитанники.Form.ФормаВыбора.Form" id="6e15dfbd-eb47-4d21-b4f0-f516afc74f32.0" configVersion="75b490c6a1b3e94bb01e7202edcf6b0700000000"/>
		<Metadata name="Catalog.Воспитанники.Form.ФормаЭлемента" id="17ecaabc-e851-4eff-8439-49e364c6d09b" configVersion="6f5f5385a3a04c4bb2ef38c24dff22de00000000"/>
		<Metadata name="Catalog.Воспитанники.Form.ФормаЭлемента.Form" id="17ecaabc-e851-4eff-8439-49e364c6d09b.0" configVersion="715219a1f0d6e841bd88c5e24eec0a4200000000"/>
		<Metadata name="Catalog.Группы" id="ad90ba45-92a6-40db-b006-4586cfa27d4e" configVersion="dcdb2f87a8548e4393ebf355e68e6f8700000000">
			<Metadata name="Catalog.Группы.TabularSection.Дети.Attribute.ДатаЗачисления" id="052c1b34-5b7c-4542-9c80-43038407fa58"/>
			<Metadata name="Catalog.Группы.Attribute.ВозрастнаяКатегория" id="3eb03251-8758-4ea5-a8e0-9071f9fbbb31"/>
			<Metadata name="Catalog.Группы.TabularSection.Дети.Attribute.Ребенок" id="439f8a00-a4f0-4eaa-a033-789bfede8877"/>
			<Metadata name="Catalog.Группы.Attribute.РежимРаботы" id="5520dd56-84f5-43ff-9282-b8d9d184df91"/>
			<Metadata name="Catalog.Группы.Attribute.ПомощникВоспитателя" id="a60a077b-bdaf-4248-91bb-16c81d42ecf4"/>
			<Metadata name="Catalog.Группы.TabularSection.Дети" id="be3595f9-076d-4539-baf1-af804bf39332"/>
			<Metadata name="Catalog.Группы.Attribute.Воспитатель" id="ddad5b96-7ef9-4b04-9dd3-ef5e686b00e7"/>
		</Metadata>
		<Metadata name="Catalog.Группы.Form.ФормаЭлемента" id="fcb2ee88-4758-46c0-9ae3-fdbbb03d079a" configVersion="0325b86eed89f44aacfa4c1efcc4bb5500000000"/>
		<Metadata name="Catalog.Группы.Form.ФормаЭлемента.Form" id="fcb2ee88-4758-46c0-9ae3-fdbbb03d079a.0" configVersion="04def83a85a6014681607c04193b906200000000"/>
		<Metadata name="Catalog.Должности" id="db090b1e-f45c-4f3c-8ca6-17f324a00545" configVersion="7af43b07c9f7734499462bc8ae2e6d9900000000"/>
		<Metadata name="Catalog.ЗаконныеПредставители" id="c077fee3-60d3-4f36-82bf-01fcab31a358" configVersion="81aeb1839c6ed64c80feec3629853fcd00000000">
			<Metadata name="Catalog.ЗаконныеПредставители.Attribute.Email" id="1624ad88-95fe-469a-8297-a375a2bdd2a1"/>
			<Metadata name="Catalog.ЗаконныеПредставители.Attribute.КонтактныйТелефон" id="5f6a3942-95d9-43e3-8205-7961969564e9"/>
			<Metadata name="Catalog.ЗаконныеПредставители.Attribute.СтепеньРодства" id="662fa8b9-319c-4445-b09f-507b6b423fc4"/>
			<Metadata name="Catalog.ЗаконныеПредставители.Attribute.МестоРаботы" id="d146380e-e483-4f93-8b07-286539715152"/>
		</Metadata>
		<Metadata name="Catalog.Организация" id="54d7695c-0c58-4e05-ac4b-1d24dd21c1e7" configVersion="fac0420171c7914b85eab4405904e7f300000000">
			<Metadata name="Catalog.Организация.Attribute.Город" id="019b4de8-74f0-4c41-9ca6-6b8da3360806"/>
			<Metadata name="Catalog.Организация.Attribute.КраткоеНаименование" id="707b5fe8-cf60-4e56-b4a5-7ed47cdf6ee0"/>
			<Metadata name="Catalog.Организация.Attribute.НаименованиеПолное" id="767c0d40-5c97-4ca9-bc6b-44b724206ea3"/>
			<Metadata name="Catalog.Организация.Attribute.Заведующий" id="9306aa1c-a42b-42fe-b60d-dd1040893890"/>
		</Metadata>
		<Metadata name="Catalog.Организация.Form.ФормаЭлемента" id="40034b0a-df46-4e6e-8f98-39cf75f6a3e5" configVersion="00965b5f0666cd4689c3dffd65b1348700000000"/>
		<Metadata name="Catalog.Организация.Form.ФормаЭлемента.Form" id="40034b0a-df46-4e6e-8f98-39cf75f6a3e5.0" configVersion="1e7cebd61a894f438fdba063f3fe6ff000000000"/>
		<Metadata name="Catalog.Организация.Predefined" id="54d7695c-0c58-4e05-ac4b-1d24dd21c1e7.1c" configVersion="5bf3aa473e8b7d47a899eaa4fb0073da00000000"/>
		<Metadata name="Catalog.Сотрудники" id="974b0cb1-b7a8-44ed-8f02-5374720ebce7" configVersion="210af3cb4d9fee4b9394efc7670f0e3700000000">
			<Metadata name="Catalog.Сотрудники.Attribute.Отчество" id="27730269-6075-4c0f-a598-689530519810"/>
			<Metadata name="Catalog.Сотрудники.Attribute.Имя" id="2a287bb7-3e47-4680-8a9a-874919dffa34"/>
			<Metadata name="Catalog.Сотрудники.Attribute.Должность" id="5adc0334-ff69-43ca-b791-3036c50e52c3"/>
			<Metadata name="Catalog.Сотрудники.Attribute.Оклад" id="5dd328fe-6ada-46f7-a793-5a53990f9a66"/>
			<Metadata name="Catalog.Сотрудники.Attribute.КонтактныйТелефон" id="629205a9-a4fd-4fb9-8775-551d2597228b"/>
			<Metadata name="Catalog.Сотрудники.Attribute.Образование" id="6308e13a-87b2-4379-88de-774f4fddb0c7"/>
			<Metadata name="Catalog.Сотрудники.Attribute.ДатаРождения" id="83bbc105-d81d-4f06-828f-94ab23cf10b8"/>
			<Metadata name="Catalog.Сотрудники.Attribute.Пол" id="a2e71692-ed18-474c-88c8-6da91a74d9f9"/>
			<Metadata name="Catalog.Сотрудники.Attribute.Фамилия" id="aa4e8790-a7fa-45a5-9f8c-4c68591af147"/>
			<Metadata name="Catalog.Сотрудники.Attribute.ДанныеКартинки" id="ba018e80-0b4c-4a86-98fe-debb9e997de4"/>
			<Metadata name="Catalog.Сотрудники.Attribute.ПолныйАдрес" id="dc41e28e-c1fd-412e-aedf-8865e3022662"/>
			<Metadata name="Catalog.Сотрудники.Attribute.СерияИНомер" id="e037ee7f-6b11-4bc5-aecf-eac513b6cf56"/>
		</Metadata>
		<Metadata name="Catalog.Сотрудники.Form.ФормаСписка" id="0f200ce4-48fc-451c-bb73-1c1b0610e595" configVersion="a16b54d58ea3e346b71c2eb9ba7efedc00000000"/>
		<Metadata name="Catalog.Сотрудники.Form.ФормаСписка.Form" id="0f200ce4-48fc-451c-bb73-1c1b0610e595.0" configVersion="e19b57f8cdb1b748ae17131c1cc67f2600000000"/>
		<Metadata name="Catalog.Сотрудники.Form.ФормаЭлемента" id="64f100e0-50c4-4d2e-8f97-782ac62503e2" configVersion="a1e258eac260ef4aba70534578dc1da400000000"/>
		<Metadata name="Catalog.Сотрудники.Form.ФормаЭлемента.Form" id="64f100e0-50c4-4d2e-8f97-782ac62503e2.0" configVersion="3c3086298c834b409e6c17b7594c204400000000"/>
		<Metadata name="CommonForm.ФормаОбОрганизации" id="ba11590a-20fb-4c5b-8f3b-ddcd55c1617f" configVersion="9206eec813320442be23f2f4e1ea0c1b00000000"/>
		<Metadata name="CommonForm.ФормаОбОрганизации.Form" id="ba11590a-20fb-4c5b-8f3b-ddcd55c1617f.0" configVersion="1b8d4225e8a07348bfda93511777b6a000000000"/>
		<Metadata name="CommonPicture.Группы" id="91c13d83-1d6d-4157-8b07-4ab878325e48" configVersion="f94ce6158b53144e9bfb33827ef935a900000000"/>
		<Metadata name="CommonPicture.Группы.Picture" id="91c13d83-1d6d-4157-8b07-4ab878325e48.0" configVersion="352a36cc8ad4dd4ea2cdc2c8f3d0738b00000000"/>
		<Metadata name="CommonPicture.Заставка" id="a090e5f2-56f9-49af-9279-77da9071bd83" configVersion="e5bc6f335b32a64fa025d1ee7ae39dc000000000"/>
		<Metadata name="CommonPicture.Заставка.Picture" id="a090e5f2-56f9-49af-9279-77da9071bd83.0" configVersion="cb7fa2f628d22a4a8be9b46c6776f15200000000"/>
		<Metadata name="CommonPicture.Посещаемость" id="2942de65-9330-4ea0-bc9f-7a076fc05d50" configVersion="1f1a699e49a4b64682883b7a22ea60e000000000"/>
		<Metadata name="CommonPicture.Посещаемость.Picture" id="2942de65-9330-4ea0-bc9f-7a076fc05d50.0" configVersion="c55605392edcd548a7d1483d51f0bfaf00000000"/>
		<Metadata name="CommonPicture.Сотрудники" id="72635e29-ae81-47c5-a7b7-d6d9c21e86c1" configVersion="8a45f0a4dcf6e24a82023e230a09049e00000000"/>
		<Metadata name="CommonPicture.Сотрудники.Picture" id="72635e29-ae81-47c5-a7b7-d6d9c21e86c1.0" configVersion="21eb28dfeb96064688a62b54456ef96b00000000"/>
		<Metadata name="Configuration.УчетПосещаемостиВоспитанников" id="75bb0557-4c0d-4960-a15c-70dc811b15d7" configVersion="6fde7690aa2df441b15169869e39034200000000"/>
		<Metadata name="Configuration.УчетПосещаемостиВоспитанников.HomePageWorkArea" id="fc829639-5a13-4522-a07a-1decc4378c0d.8" configVersion="a5015a7b9b2aab46854aedd664925adf00000000"/>
		<Metadata name="Configuration.УчетПосещаемостиВоспитанников.Logo" id="fc829639-5a13-4522-a07a-1decc4378c0d.1" configVersion="153e4f6db1f64f4f9a6406f3ee0b214e00000000"/>
		<Metadata name="Configuration.УчетПосещаемостиВоспитанников.MainSectionCommandInterface" id="fc829639-5a13-4522-a07a-1decc4378c0d.9" configVersion="704d7f4599de0c42bc7ef0825d35ce1a00000000"/>
		<Metadata name="Configuration.УчетПосещаемостиВоспитанников.Splash" id="fc829639-5a13-4522-a07a-1decc4378c0d.2" configVersion="8603c4629d11b74fbb51101a1cd4d2e900000000"/>
		<Metadata name="Document.ПриказОПереводеВГруппу" id="96f7f6a1-23e8-4911-986c-f17e4e268dee" configVersion="e04bfca7bd246047bbfe794569befccc00000000">
			<Metadata name="Document.ПриказОПереводеВГруппу.TabularSection.Дети" id="1103b8df-b67a-41a3-b5c5-500d7da4bb9e"/>
			<Metadata name="Document.ПриказОПереводеВГруппу.Attribute.Описание" id="1b72404e-4e89-48ee-9b0d-ad1bc1b7b282"/>
			<Metadata name="Document.ПриказОПереводеВГруппу.Attribute.Заведующий" id="5629c0f8-e9fa-42bd-91dc-c24ba761b459"/>
			<Metadata name="Document.ПриказОПереводеВГруппу.TabularSection.Дети.Attribute.Воспитанник" id="b2cde0e5-48c8-4513-beb7-18dc124e98d7"/>
			<Metadata name="Document.ПриказОПереводеВГруппу.Attribute.ГруппаНазначения" id="e480581f-0ee0-4192-9077-5b2da49c8c23"/>
			<Metadata name="Document.ПриказОПереводеВГруппу.TabularSection.Дети.Attribute.ТекущаяГруппа" id="e917e5c3-d4bb-472c-a74f-3923b17c0a9a"/>
			<Metadata name="Document.ПриказОПереводеВГруппу.TabularSection.Дети.Attribute.ДатаЗачисления" id="f7b914d0-b308-4f94-a92c-f338b2ad24cd"/>
			<Metadata name="Document.ПриказОПереводеВГруппу.Attribute.ДатаПеревода" id="fec1ebc3-b502-433c-840b-d7d8159e83d5"/>
		</Metadata>
		<Metadata name="Document.ПриказОПереводеВГруппу.Form.ФормаДокумента" id="18104022-f739-4d29-b9ed-d5d8ddabfcb6" configVersion="0f9822691dc06d48892a7382a89d31c900000000"/>
		<Metadata name="Document.ПриказОПереводеВГруппу.Form.ФормаДокумента.Form" id="18104022-f739-4d29-b9ed-d5d8ddabfcb6.0" configVersion="4a73ac53915c7d4e81f9176b95c6ea4e00000000"/>
		<Metadata name="Document.ПриказОПереводеВГруппу.ObjectModule" id="96f7f6a1-23e8-4911-986c-f17e4e268dee.0" configVersion="fdb98b7b37728240afe9e13ede00656100000000"/>
		<Metadata name="Document.РегистрацияПропусковЗанятий" id="4a401f21-ad4d-4e4a-a250-5ac0b9f1939f" configVersion="51129ac8325ff6499e15a930d0d76f6c00000000">
			<Metadata name="Document.РегистрацияПропусковЗанятий.TabularSection.СписокПосещения.Attribute.День11" id="05eee2bb-1ad4-48bb-9c26-ef358d470085"/>
			<Metadata name="Document.РегистрацияПропусковЗанятий.TabularSection.СписокПосещения.Attribute.День25" id="05f6b9c0-7225-4100-952d-d0c974653bd2"/>
			<Metadata name="Document.РегистрацияПропусковЗанятий.TabularSection.СписокПосещения.Attribute.День22" id="16037d55-e19d-43c0-8023-41dd66a406e4"/>
			<Metadata name="Document.РегистрацияПропусковЗанятий.TabularSection.СписокПосещения.Attribute.День12" id="2a2096d4-3bb0-47c0-809d-47b8ea084c2b"/>
			<Metadata name="Document.РегистрацияПропусковЗанятий.TabularSection.СписокПосещения.Attribute.День6" id="2a891261-d982-4603-ba23-acf0feee672a"/>
			<Metadata name="Document.РегистрацияПропусковЗанятий.TabularSection.СписокПосещения.Attribute.Воспитанник" id="2d008112-b9d7-4d1f-ae1f-f9527ac096b7"/>
			<Metadata name="Document.РегистрацияПропусковЗанятий.TabularSection.СписокПосещения.Attribute.День16" id="34f0b80a-c55f-448b-a368-9a85ff746259"/>
			<Metadata name="Document.РегистрацияПропусковЗанятий.Attribute.Ответственный" id="411e9287-68ce-4c2f-b227-31dec47e068c"/>
			<Metadata name="Document.РегистрацияПропусковЗанятий.TabularSection.СписокПосещения.Attribute.День7" id="46aec5be-f540-4776-850a-a8161a516773"/>
			<Metadata name="Document.РегистрацияПропусковЗанятий.TabularSection.СписокПосещения.Attribute.День3" id="49096989-7e61-4d1c-9636-593f8dab0ae0"/>
			<Metadata name="Document.РегистрацияПропусковЗанятий.Attribute.КаталогСохранения" id="4b9b0754-daf5-43ab-979e-75da9680b920"/>
			<Metadata name="Document.РегистрацияПропусковЗанятий.Attribute.Группа" id="4f67af45-7ca5-41af-a7ec-d7743afb02c3"/>
			<Metadata name="Document.РегистрацияПропусковЗанятий.TabularSection.СписокПосещения.Attribute.День28" id="51272bc4-0013-4886-b902-bbd184dd6836"/>
			<Metadata name="Document.РегистрацияПропусковЗанятий.Command.Печать" id="578c53a0-5ee9-4da1-8013-16d405a95d86"/>
			<Metadata name="Document.РегистрацияПропусковЗанятий.TabularSection.СписокПосещения.Attribute.День5" id="5dabd800-a74c-4238-8994-159b553ca966"/>
			<Metadata name="Document.РегистрацияПропусковЗанятий.TabularSection.СписокПосещения.Attribute.День13" id="62200d29-9b0b-49a7-8868-814a405ca0b6"/>
			<Metadata name="Document.РегистрацияПропусковЗанятий.TabularSection.СписокПосещения.Attribute.День1" id="6b5727f5-2b78-44ff-8881-398a01a3b4f6"/>
			<Metadata name="Document.РегистрацияПропусковЗанятий.TabularSection.СписокПосещения.Attribute.День15" id="6f04530b-da6b-44e2-9efd-6be0ee7b2091"/>
			<Metadata name="Document.РегистрацияПропусковЗанятий.Attribute.ПериодРегистрации" id="73f70bff-538e-4474-904b-790dc8ef175a"/>
			<Metadata name="Document.РегистрацияПропусковЗанятий.Attribute.Воспитатель" id="7b992381-c498-458d-9958-58549506dfd4"/>
			<Metadata name="Document.РегистрацияПропусковЗанятий.TabularSection.СписокПосещения.Attribute.День23" id="7bdd61a8-dcee-4d54-9081-97b34e087f30"/>
			<Metadata name="Document.РегистрацияПропусковЗанятий.TabularSection.СписокПосещения.Attribute.День31" id="7ced4a66-5c74-4c59-9936-6a6dfa5026b7"/>
			<Metadata name="Document.РегистрацияПропусковЗанятий.TabularSection.СписокПосещения.Attribute.День8" id="7d3b6d33-2381-4ab0-aacb-b655999a1a9f"/>
			<Metadata name="Document.РегистрацияПропусковЗанятий.TabularSection.СписокПосещения.Attribute.День26" id="800b01e5-0f55-4848-956d-1c20f5d22285"/>
			<Metadata name="Document.РегистрацияПропусковЗанятий.TabularSection.СписокПосещения.Attribute.День18" id="80f0fd7e-a02c-4b58-b46e-a167cf07edad"/>
			<Metadata name="Document.РегистрацияПропусковЗанятий.TabularSection.СписокПосещения.Attribute.День4" id="87033e42-78e6-4624-83ac-c2aea273359a"/>
			<Metadata name="Document.РегистрацияПропусковЗанятий.TabularSection.СписокПосещения.Attribute.День14" id="8b39a5c4-e053-4a42-80e3-ed8503264fdc"/>
			<Metadata name="Document.РегистрацияПропусковЗанятий.TabularSection.СписокПосещения.Attribute.КолБолел" id="8fe692b2-6065-4859-be10-9c7a463e1eb2"/>
			<Metadata name="Document.РегистрацияПропусковЗанятий.TabularSection.СписокПосещения.Attribute.День24" id="947558e1-30aa-4de1-91ab-0a0a4fe009b5"/>
			<Metadata name="Document.РегистрацияПропусковЗанятий.TabularSection.СписокПосещения.Attribute.День2" id="986c351e-9181-45af-9dbe-115f147144f2"/>
			<Metadata name="Document.РегистрацияПропусковЗанятий.TabularSection.СписокПосещения" id="9a3603ff-4ee3-40be-a28c-ac326b8ba962"/>
			<Metadata name="Document.РегистрацияПропусковЗанятий.TabularSection.СписокПосещения.Attribute.День30" id="b5d75e3a-a186-4061-b725-d4cc1b549516"/>
			<Metadata name="Document.РегистрацияПропусковЗанятий.TabularSection.СписокПосещения.Attribute.День19" id="be65cdf5-2656-412d-95e7-8d651972fe22"/>
			<Metadata name="Document.РегистрацияПропусковЗанятий.Attribute.ТипФайла" id="c0555f59-ed22-45b5-bd6f-ee9925aca4e9"/>
			<Metadata name="Document.РегистрацияПропусковЗанятий.TabularSection.СписокПосещения.Attribute.День29" id="c206c228-bff4-4fc8-961a-4a34f64975bd"/>
			<Metadata name="Document.РегистрацияПропусковЗанятий.TabularSection.СписокПосещения.Attribute.День27" id="c46d5631-2491-4070-95b2-8c61e8ec4cef"/>
			<Metadata name="Document.РегистрацияПропусковЗанятий.TabularSection.СписокПосещения.Attribute.День21" id="c83b475c-a522-4a21-b59e-528973e9d91a"/>
			<Metadata name="Document.РегистрацияПропусковЗанятий.TabularSection.СписокПосещения.Attribute.День17" id="cbfb7a68-0c78-4b9d-813b-01db1069fba5"/>
			<Metadata name="Document.РегистрацияПропусковЗанятий.TabularSection.СписокПосещения.Attribute.Причина" id="e273e8f0-6c63-4f71-9250-d6078c402c44"/>
			<Metadata name="Document.РегистрацияПропусковЗанятий.TabularSection.СписокПосещения.Attribute.День20" id="e3ba3fda-d1e1-43a8-8fbf-911b26ec68b9"/>
			<Metadata name="Document.РегистрацияПропусковЗанятий.TabularSection.СписокПосещения.Attribute.День9" id="ef5d2bc4-5b2f-48cd-898e-f57b0eb3cf24"/>
			<Metadata name="Document.РегистрацияПропусковЗанятий.TabularSection.СписокПосещения.Attribute.День10" id="f0a8d03b-8ff6-4cfa-a7f7-c4e6e73a0ef5"/>
			<Metadata name="Document.РегистрацияПропусковЗанятий.TabularSection.СписокПосещения.Attribute.КолУваж" id="f54f1efd-93a7-470a-b1e7-0f50dcd6d0ea"/>
			<Metadata name="Document.РегистрацияПропусковЗанятий.TabularSection.СписокПосещения.Attribute.КолНеуваж" id="feea90a9-26ff-40e3-8b38-8cd864f36e09"/>
		</Metadata>
		<Metadata name="Document.РегистрацияПропусковЗанятий.Command.Печать.CommandModule" id="578c53a0-5ee9-4da1-8013-16d405a95d86.2" configVersion="0339fe76a9975144b665d591f167d84300000000"/>
		<Metadata name="Document.РегистрацияПропусковЗанятий.Form.ФормаДокумента" id="be6c7593-06ae-4efe-aeeb-cded4109563b" configVersion="caa73cb876d33c40b2ac96fd5b09e14000000000"/>
		<Metadata name="Document.РегистрацияПропусковЗанятий.Form.ФормаДокумента.Form" id="be6c7593-06ae-4efe-aeeb-cded4109563b.0" configVersion="208a0a3d18ee154dbe3350460d34ebdf00000000"/>
		<Metadata name="Document.РегистрацияПропусковЗанятий.ManagerModule" id="4a401f21-ad4d-4e4a-a250-5ac0b9f1939f.2" configVersion="881f7f6331778d4f824682b673732bce00000000"/>
		<Metadata name="Document.РегистрацияПропусковЗанятий.ObjectModule" id="4a401f21-ad4d-4e4a-a250-5ac0b9f1939f.0" configVersion="085624d929e1374a9f76a6b429ea24f800000000"/>
		<Metadata name="Document.РегистрацияПропусковЗанятий.Template.Макет" id="e02c8f5e-17ea-45f9-99aa-a046d1a5976c" configVersion="5af4958af6463447b66e6a44a1f61be400000000"/>
		<Metadata name="Document.РегистрацияПропусковЗанятий.Template.Макет.Template" id="e02c8f5e-17ea-45f9-99aa-a046d1a5976c.0" configVersion="396254c76e84dc419836ceb7fcabd74900000000"/>
		<Metadata name="Document.РегистрацияПропусковЗанятий.Template.Печать" id="095951ea-83b0-406f-bef0-7adfd7c7beec" configVersion="07801440e322e043bea0e9d477bf0d4900000000"/>
		<Metadata name="Document.РегистрацияПропусковЗанятий.Template.Печать.Template" id="095951ea-83b0-406f-bef0-7adfd7c7beec.0" configVersion="86b13def2c687549947ced02c5ca03ac00000000"/>
		<Metadata name="Enum.ВозрастнаяКатегория" id="0f146c52-7fec-4e18-b856-24bf54ae01c2" configVersion="dbb8b53dd67b9148a1828c11a9d602fb00000000">
			<Metadata name="Enum.ВозрастнаяКатегория.EnumValue.Старшая" id="1e4e1846-4c62-4c74-988e-dda55cb0ee46"/>
			<Metadata name="Enum.ВозрастнаяКатегория.EnumValue.Средняя" id="3ecfdb44-8e4a-4c8b-871a-004da95e7685"/>
			<Metadata name="Enum.ВозрастнаяКатегория.EnumValue.Ясельная" id="53ad639f-1e39-40b1-b1ab-d91f46492c7a"/>
			<Metadata name="Enum.ВозрастнаяКатегория.EnumValue.Подготовительная" id="84c4f2d9-7af6-4051-b724-4f57bbe58c7a"/>
			<Metadata name="Enum.ВозрастнаяКатегория.EnumValue.Младшая" id="985be7f8-273e-4e0c-9d36-d311a8166c21"/>
		</Metadata>
		<Metadata name="Enum.Пол" id="a20107ec-4b9a-42f6-b990-c28757fd1925" configVersion="83f87fcb9cede640b9722cb27732a22900000000">
			<Metadata name="Enum.Пол.EnumValue.Женский" id="39e3ea04-1723-40f7-9440-ca53851d5b66"/>
			<Metadata name="Enum.Пол.EnumValue.Мужской" id="fd482fef-5506-4f72-b4c6-64544b090d4d"/>
		</Metadata>
		<Metadata name="Enum.СтатусПосещаемости" id="feeb031d-d75a-4a13-89f4-542b76abb820" configVersion="a363767ad4eb6e4295547e3c4e9d32d600000000">
			<Metadata name="Enum.СтатусПосещаемости.EnumValue.н" id="7efc809a-9302-451d-a8ad-bec0625e0317"/>
			<Metadata name="Enum.СтатусПосещаемости.EnumValue.п" id="a55a2591-430a-494c-9c4d-e7af56845d99"/>
			<Metadata name="Enum.СтатусПосещаемости.EnumValue.б" id="db05d2c8-8365-4c93-820f-3ee073a78ce0"/>
		</Metadata>
		<Metadata name="Enum.СтепеньРодства" id="060bd466-6897-4745-a2ac-2fe1a5bfa0f1" configVersion="02b1f196c3a4e04e9421a0fd5fc9c4de00000000">
			<Metadata name="Enum.СтепеньРодства.EnumValue.Опекун" id="2afb4b38-4071-438d-8542-30416fc17f98"/>
			<Metadata name="Enum.СтепеньРодства.EnumValue.Отец" id="8e2f738c-769d-4f79-8a32-d8691df1d584"/>
			<Metadata name="Enum.СтепеньРодства.EnumValue.Мать" id="ac34058c-5762-4747-a1c1-d0585f39cf3a"/>
		</Metadata>
		<Metadata name="InformationRegister.УчетПосещений" id="b1483caa-c2e4-4e1d-8cdf-f88387f0642e" configVersion="574157280c76f846a764e92cd9f171a000000000">
			<Metadata name="InformationRegister.УчетПосещений.Resource.День9" id="017c4936-c00b-4978-82b5-e19eae4fb4fa"/>
			<Metadata name="InformationRegister.УчетПосещений.Attribute.КолНеуваж" id="023e7f8e-eb4c-4266-baf4-730884b1cad4"/>
			<Metadata name="InformationRegister.УчетПосещений.Dimension.Воспитанник" id="03cd4a96-2e82-4ba9-b18f-13173d22ba2f"/>
			<Metadata name="InformationRegister.УчетПосещений.Resource.День4" id="320d364d-37f6-4832-b5d1-10a44040d0aa"/>
			<Metadata name="InformationRegister.УчетПосещений.Resource.День27" id="32fb3c01-9259-4a59-a12e-9884ed24fc5c"/>
			<Metadata name="InformationRegister.УчетПосещений.Resource.День6" id="482c2073-69c5-4ee9-9e78-01ce11edf5b6"/>
			<Metadata name="InformationRegister.УчетПосещений.Attribute.КолБолел" id="53ded183-a6e8-4ee4-b177-fd6eca1d9842"/>
			<Metadata name="InformationRegister.УчетПосещений.Resource.День31" id="53fa33c8-07e8-487a-b2c1-acc5a3a2b83e"/>
			<Metadata name="InformationRegister.УчетПосещений.Resource.День14" id="54034297-6c8c-44e8-ba80-101f25482c1b"/>
			<Metadata name="InformationRegister.УчетПосещений.Resource.День10" id="5bd23f05-6208-4d1e-a657-e4d3bfeaa8b5"/>
			<Metadata name="InformationRegister.УчетПосещений.Resource.День23" id="611cce95-95dd-43f5-9dbc-a3a30b5c24a5"/>
			<Metadata name="InformationRegister.УчетПосещений.Resource.День30" id="6d3622fd-754e-42ec-a418-20146a64929c"/>
			<Metadata name="InformationRegister.УчетПосещений.Resource.День11" id="6f1a1e37-f63b-4553-800d-950c8a7699ec"/>
			<Metadata name="InformationRegister.УчетПосещений.Resource.День20" id="7628ab6e-fed9-4861-8316-11587863db34"/>
			<Metadata name="InformationRegister.УчетПосещений.Resource.День26" id="79be55e3-4077-4d9e-84f4-9cda89287a78"/>
			<Metadata name="InformationRegister.УчетПосещений.Resource.День13" id="80427062-7a2b-4dfc-95bf-db4e60683125"/>
			<Metadata name="InformationRegister.УчетПосещений.Resource.День12" id="8c46449c-f8f8-4f8b-9fcc-f7bafe10cb2a"/>
			<Metadata name="InformationRegister.УчетПосещений.Resource.День15" id="8f1784d1-1065-48c4-8d94-6fc29c9d10b4"/>
			<Metadata name="InformationRegister.УчетПосещений.Dimension.Группа" id="93d00763-fd0a-4063-8d8f-5d4230294558"/>
			<Metadata name="InformationRegister.УчетПосещений.Resource.День8" id="9aa2acd6-58eb-4718-a776-1349ce2a58f0"/>
			<Metadata name="InformationRegister.УчетПосещений.Resource.День28" id="9d6c74f8-5acf-47dc-8bff-907dff4d9f90"/>
			<Metadata name="InformationRegister.УчетПосещений.Resource.День19" id="a828152c-c3b0-4736-9cde-dce5df133f61"/>
			<Metadata name="InformationRegister.УчетПосещений.Resource.День21" id="b1acd434-380d-4d18-8613-e3bba126afa0"/>
			<Metadata name="InformationRegister.УчетПосещений.Resource.День25" id="b367cb55-9ebf-4f30-965d-5dd8e8edfeb5"/>
			<Metadata name="InformationRegister.УчетПосещений.Resource.День18" id="b888a8b3-873d-4dc6-acbb-8c34306e1ffe"/>
			<Metadata name="InformationRegister.УчетПосещений.Resource.День22" id="bbd531ce-b191-486e-89d9-089f0d4767da"/>
			<Metadata name="InformationRegister.УчетПосещений.Attribute.КолУваж" id="bc37fd09-ca85-407f-bc59-0a416f4e7037"/>
			<Metadata name="InformationRegister.УчетПосещений.Resource.День29" id="bc955ed2-1ea5-44fa-9e51-66d2e234feda"/>
			<Metadata name="InformationRegister.УчетПосещений.Resource.День5" id="c0c43bea-b6f6-4f8e-b2ab-4cdf0cc86efa"/>
			<Metadata name="InformationRegister.УчетПосещений.Resource.День16" id="cd1fba99-173c-4081-810e-2b4b6faf4b1d"/>
			<Metadata name="InformationRegister.УчетПосещений.Resource.День24" id="d58063d4-ff00-4667-816d-a363b72aaae6"/>
			<Metadata name="InformationRegister.УчетПосещений.Resource.День1" id="d677b0aa-a008-4cd5-bf7d-4d5da0d72c2f"/>
			<Metadata name="InformationRegister.УчетПосещений.Resource.День7" id="d95711f4-6366-453a-9bbc-a24ec733be19"/>
			<Metadata name="InformationRegister.УчетПосещений.Resource.День2" id="dc8c6a35-90fe-42e9-9856-f43d9da87bf8"/>
			<Metadata name="InformationRegister.УчетПосещений.Resource.День3" id="e4d60907-9bff-42c2-9d43-7895004bcba4"/>
			<Metadata name="InformationRegister.УчетПосещений.Resource.День17" id="e5a088e8-6fa6-46de-b424-c7e3be211abc"/>
			<Metadata name="InformationRegister.УчетПосещений.Dimension.Воспитатель" id="f5e4c799-0b2a-4236-b9ce-6dcd6acd11af"/>
		</Metadata>
		<Metadata name="Language.Русский" id="82011a55-c365-403e-94d0-9f42f9df849e" configVersion="afd9eff7cfb7a5489c880a52a453d9b600000000"/>
		<Metadata name="Report.АнализПосещаемости" id="12ef211b-9e74-4054-a87b-fcaa17497bed" configVersion="9b0e1d633df59542bd538560e7e9416900000000"/>
		<Metadata name="Report.АнализПосещаемости.Template.ОсновнаяСхемаКомпоновкиДанных" id="3319f45f-af5a-416c-aaf5-4bedf4dbbdf9" configVersion="5db7bd8540d4bf45a589a144f57ac99b00000000"/>
		<Metadata name="Report.АнализПосещаемости.Template.ОсновнаяСхемаКомпоновкиДанных.Template" id="3319f45f-af5a-416c-aaf5-4bedf4dbbdf9.0" configVersion="8c47e5ffd049ed4a97e732b3d394ff4b00000000"/>
		<Metadata name="Report.ГрафическийРейтингОпозданий" id="f161161d-8513-4e11-b285-17d2bd454bf4" configVersion="e69a1149bcd74442848f47ed223fcff900000000"/>
		<Metadata name="Report.ГрафическийРейтингОпозданий.Template.ОсновнаяСхемаКомпоновкиДанных" id="955e7b47-f4ed-4ead-805f-40c6e282b9e7" configVersion="34b6efbb0393c044b3be7b6cd07601a400000000"/>
		<Metadata name="Report.ГрафическийРейтингОпозданий.Template.ОсновнаяСхемаКомпоновкиДанных.Template" id="955e7b47-f4ed-4ead-805f-40c6e282b9e7.0" configVersion="709a437730939c409ee352f1688f5a0500000000"/>
		<Metadata name="Report.ПосещаемостьПоДням" id="1a6ca293-9fd3-4f6d-bad1-2ebfb1cdf7d8" configVersion="43a8cf6158537c459016e5db6c37c0f500000000"/>
		<Metadata name="Report.ПосещаемостьПоДням.Template.ОсновнаяСхемаКомпоновкиДанных" id="9f4a9401-cce8-4c61-bfba-7f34b7637fd3" configVersion="aedc6454bb722f4b969f50f8c89cf45900000000"/>
		<Metadata name="Report.ПосещаемостьПоДням.Template.ОсновнаяСхемаКомпоновкиДанных.Template" id="9f4a9401-cce8-4c61-bfba-7f34b7637fd3.0" configVersion="bd5318fd28897245bc1be6cde08a97d500000000"/>
		<Metadata name="Report.РейтингГруппПоПосещаемости" id="a8ae33c2-5694-41c8-abbc-9675131863b7" configVersion="3fffa3ca54ad324e818c90cbd6ee9a6400000000"/>
		<Metadata name="Report.РейтингГруппПоПосещаемости.Template.ОсновнаяСхемаКомпоновкиДанных" id="2e094095-bede-4f03-ba40-63269a64ac16" configVersion="c98eec1194883048aa7be78a1ce0e84d00000000"/>
		<Metadata name="Report.РейтингГруппПоПосещаемости.Template.ОсновнаяСхемаКомпоновкиДанных.Template" id="2e094095-bede-4f03-ba40-63269a64ac16.0" configVersion="24391dc1cf877b478e70710a3664d25800000000"/>
		<Metadata name="Report.СводнаяВедомостьПоУспеваемости" id="f023dc76-d2bc-47c9-8b82-44d6a40235e2" configVersion="e310cb17d7f72548ba41fa1c8e40c59a00000000"/>
		<Metadata name="Report.СводнаяВедомостьПоУспеваемости.Template.ОсновнаяСхемаКомпоновкиДанных" id="21467498-0d7f-4123-b986-681c62a908bd" configVersion="940be81dd92aae41b5261cbc37a6440500000000"/>
		<Metadata name="Report.СводнаяВедомостьПоУспеваемости.Template.ОсновнаяСхемаКомпоновкиДанных.Template" id="21467498-0d7f-4123-b986-681c62a908bd.0" configVersion="26a499d275c5a54aadc8c8d83a51ad9100000000"/>
		<Metadata name="Report.СписокГрупп" id="7da3c07b-764c-434d-b1be-24e5935738a0" configVersion="830b526191c834468e5385db5db5734200000000"/>
		<Metadata name="Report.СписокГрупп.Template.ОсновнаяСхемаКомпоновкиДанных" id="5e0e592c-d229-4789-8e58-c118c1bfa658" configVersion="47d39d95c6cc34449c7430d43c140df000000000"/>
		<Metadata name="Report.СписокГрупп.Template.ОсновнаяСхемаКомпоновкиДанных.Template" id="5e0e592c-d229-4789-8e58-c118c1bfa658.0" configVersion="ff4f9cd989cb484cb5b8a9769a8aa9c700000000"/>
		<Metadata name="Report.СписокСотрудников" id="1ea1123b-30bd-4b58-b743-31d60b2c8ab1" configVersion="e2ef34a69924944bb492961b7c5ea00400000000"/>
		<Metadata name="Report.СписокСотрудников.Template.ОсновнаяСхемаКомпоновкиДанных" id="4facc0a5-4620-4f2f-a5fc-76dbc91ac03a" configVersion="b33099de76edb94e94a434681ed6ea8800000000"/>
		<Metadata name="Report.СписокСотрудников.Template.ОсновнаяСхемаКомпоновкиДанных.Template" id="4facc0a5-4620-4f2f-a5fc-76dbc91ac03a.0" configVersion="b6fc5de6cf8a7a449dd3286e0bf07ed800000000"/>
		<Metadata name="Role.Администратор" id="5fbefa0e-6c9b-4454-9a01-62acbc39f076" configVersion="5718157414c1614ca699166fb149a5ab00000000"/>
		<Metadata name="Role.Администратор.Rights" id="5fbefa0e-6c9b-4454-9a01-62acbc39f076.0" configVersion="a8dfe567864a92418f19a0c54f968c5300000000"/>
		<Metadata name="Role.Воспитатель" id="399fe2a7-d792-409c-8f6c-b493f88adf7c" configVersion="2b605647d10e1049b85d1b5d8066283200000000"/>
		<Metadata name="Role.Воспитатель.Rights" id="399fe2a7-d792-409c-8f6c-b493f88adf7c.0" configVersion="280808166d358b4a8c6dade3d228a85f00000000"/>
		<Metadata name="Style.СинийСтальной" id="865c78dd-02a0-45cd-bf63-6469c3225048" configVersion="7667c4671c218f4d8c16774bbd87219000000000"/>
		<Metadata name="Style.СинийСтальной.Style" id="865c78dd-02a0-45cd-bf63-6469c3225048.0" configVersion="f9f75e9a1db10641bc925a4022a7527100000000"/>
		<Metadata name="Subsystem.Группы" id="c23ff29b-4647-4cdf-9899-9931d038c792" configVersion="c98c15f1a31c5f49b89d4e5826ff899300000000"/>
		<Metadata name="Subsystem.Группы.CommandInterface" id="c23ff29b-4647-4cdf-9899-9931d038c792.1" configVersion="0771ed0a18a12348b16b1e23a3e4e7e600000000"/>
		<Metadata name="Subsystem.Посещаемость" id="0c94d355-71fd-46b0-8961-4dc956c9bfc8" configVersion="0a0ed7d314599d469d867ae0153b96d600000000"/>
		<Metadata name="Subsystem.Сотрудники" id="5f25f1bd-5671-4789-98a7-8405d97887f2" configVersion="430f9a45bfef1f468b64ff292b9a2fc400000000"/>
	</ConfigVersions>
</ConfigDumpInfo>