﻿<?xml version="1.0" encoding="UTF-8"?>
<Style xmlns="http://v8.1c.ru/8.3/xcf/extrnprops" xmlns:style="http://v8.1c.ru/8.1/data/ui/style" xmlns:sys="http://v8.1c.ru/8.1/data/ui/fonts/system" xmlns:v8ui="http://v8.1c.ru/8.1/data/ui" xmlns:web="http://v8.1c.ru/8.1/data/ui/colors/web" xmlns:win="http://v8.1c.ru/8.1/data/ui/colors/windows" xmlns:xr="http://v8.1c.ru/8.3/xcf/readable" xmlns:xs="http://www.w3.org/2001/XMLSchema" xmlns:xsi="http://www.w3.org/2001/XMLSchema-instance" version="2.19">
	<Item name="ActivityColor">
		<Color>#4682B4</Color>
	</Item>
	<Item name="AccentColor">
		<Color>#2E8B57</Color>
	</Item>
	<Item name="NavigationColor">
		<Color>#4682B4</Color>
	</Item>
	<Item name="AuxiliaryNavigationColor">
		<Color>#F5F5F5</Color>
	</Item>
	<Item name="ImportantColor">
		<Color>#4682B4</Color>
	</Item>
</Style>