﻿<?xml version="1.0" encoding="UTF-8"?>
<MetaDataObject xmlns="http://v8.1c.ru/8.3/MDClasses" xmlns:app="http://v8.1c.ru/8.2/managed-application/core" xmlns:cfg="http://v8.1c.ru/8.1/data/enterprise/current-config" xmlns:cmi="http://v8.1c.ru/8.2/managed-application/cmi" xmlns:ent="http://v8.1c.ru/8.1/data/enterprise" xmlns:lf="http://v8.1c.ru/8.2/managed-application/logform" xmlns:style="http://v8.1c.ru/8.1/data/ui/style" xmlns:sys="http://v8.1c.ru/8.1/data/ui/fonts/system" xmlns:v8="http://v8.1c.ru/8.1/data/core" xmlns:v8ui="http://v8.1c.ru/8.1/data/ui" xmlns:web="http://v8.1c.ru/8.1/data/ui/colors/web" xmlns:win="http://v8.1c.ru/8.1/data/ui/colors/windows" xmlns:xen="http://v8.1c.ru/8.3/xcf/enums" xmlns:xpr="http://v8.1c.ru/8.3/xcf/predef" xmlns:xr="http://v8.1c.ru/8.3/xcf/readable" xmlns:xs="http://www.w3.org/2001/XMLSchema" xmlns:xsi="http://www.w3.org/2001/XMLSchema-instance" version="2.19">
	<Enum uuid="0f146c52-7fec-4e18-b856-24bf54ae01c2">
		<InternalInfo>
			<xr:GeneratedType name="EnumRef.ВозрастнаяКатегория" category="Ref">
				<xr:TypeId>6cab6dde-89c4-40f1-8f28-017cfd6dbd6c</xr:TypeId>
				<xr:ValueId>e0ca6272-462d-445b-bba6-fdf85df7d05d</xr:ValueId>
			</xr:GeneratedType>
			<xr:GeneratedType name="EnumManager.ВозрастнаяКатегория" category="Manager">
				<xr:TypeId>93bb0a8a-d62b-40b1-8061-e6734aa1e96b</xr:TypeId>
				<xr:ValueId>f51dd80b-7480-40a6-a4ed-40a83437be1b</xr:ValueId>
			</xr:GeneratedType>
			<xr:GeneratedType name="EnumList.ВозрастнаяКатегория" category="List">
				<xr:TypeId>61f7adfd-9837-4905-a708-051321680d76</xr:TypeId>
				<xr:ValueId>b63c3c26-5f27-4391-a481-4e7cba0dfed1</xr:ValueId>
			</xr:GeneratedType>
		</InternalInfo>
		<Properties>
			<Name>ВозрастнаяКатегория</Name>
			<Synonym>
				<v8:item>
					<v8:lang>ru</v8:lang>
					<v8:content>Возрастная категория</v8:content>
				</v8:item>
			</Synonym>
			<Comment/>
			<UseStandardCommands>false</UseStandardCommands>
			<Characteristics/>
			<QuickChoice>true</QuickChoice>
			<ChoiceMode>BothWays</ChoiceMode>
			<DefaultListForm/>
			<DefaultChoiceForm/>
			<AuxiliaryListForm/>
			<AuxiliaryChoiceForm/>
			<ListPresentation/>
			<ExtendedListPresentation/>
			<Explanation/>
			<ChoiceHistoryOnInput>Auto</ChoiceHistoryOnInput>
		</Properties>
		<ChildObjects>
			<EnumValue uuid="53ad639f-1e39-40b1-b1ab-d91f46492c7a">
				<Properties>
					<Name>Ясельная</Name>
					<Synonym>
						<v8:item>
							<v8:lang>ru</v8:lang>
							<v8:content>Ясельная</v8:content>
						</v8:item>
					</Synonym>
					<Comment/>
				</Properties>
			</EnumValue>
			<EnumValue uuid="985be7f8-273e-4e0c-9d36-d311a8166c21">
				<Properties>
					<Name>Младшая</Name>
					<Synonym>
						<v8:item>
							<v8:lang>ru</v8:lang>
							<v8:content>Младшая</v8:content>
						</v8:item>
					</Synonym>
					<Comment/>
				</Properties>
			</EnumValue>
			<EnumValue uuid="3ecfdb44-8e4a-4c8b-871a-004da95e7685">
				<Properties>
					<Name>Средняя</Name>
					<Synonym>
						<v8:item>
							<v8:lang>ru</v8:lang>
							<v8:content>Средняя</v8:content>
						</v8:item>
					</Synonym>
					<Comment/>
				</Properties>
			</EnumValue>
			<EnumValue uuid="1e4e1846-4c62-4c74-988e-dda55cb0ee46">
				<Properties>
					<Name>Старшая</Name>
					<Synonym>
						<v8:item>
							<v8:lang>ru</v8:lang>
							<v8:content>Старшая</v8:content>
						</v8:item>
					</Synonym>
					<Comment/>
				</Properties>
			</EnumValue>
			<EnumValue uuid="84c4f2d9-7af6-4051-b724-4f57bbe58c7a">
				<Properties>
					<Name>Подготовительная</Name>
					<Synonym>
						<v8:item>
							<v8:lang>ru</v8:lang>
							<v8:content>Подготовительная</v8:content>
						</v8:item>
					</Synonym>
					<Comment/>
				</Properties>
			</EnumValue>
		</ChildObjects>
	</Enum>
</MetaDataObject>