﻿<?xml version="1.0" encoding="UTF-8"?>
<MetaDataObject xmlns="http://v8.1c.ru/8.3/MDClasses" xmlns:app="http://v8.1c.ru/8.2/managed-application/core" xmlns:cfg="http://v8.1c.ru/8.1/data/enterprise/current-config" xmlns:cmi="http://v8.1c.ru/8.2/managed-application/cmi" xmlns:ent="http://v8.1c.ru/8.1/data/enterprise" xmlns:lf="http://v8.1c.ru/8.2/managed-application/logform" xmlns:style="http://v8.1c.ru/8.1/data/ui/style" xmlns:sys="http://v8.1c.ru/8.1/data/ui/fonts/system" xmlns:v8="http://v8.1c.ru/8.1/data/core" xmlns:v8ui="http://v8.1c.ru/8.1/data/ui" xmlns:web="http://v8.1c.ru/8.1/data/ui/colors/web" xmlns:win="http://v8.1c.ru/8.1/data/ui/colors/windows" xmlns:xen="http://v8.1c.ru/8.3/xcf/enums" xmlns:xpr="http://v8.1c.ru/8.3/xcf/predef" xmlns:xr="http://v8.1c.ru/8.3/xcf/readable" xmlns:xs="http://www.w3.org/2001/XMLSchema" xmlns:xsi="http://www.w3.org/2001/XMLSchema-instance" version="2.19">
	<Enum uuid="060bd466-6897-4745-a2ac-2fe1a5bfa0f1">
		<InternalInfo>
			<xr:GeneratedType name="EnumRef.СтепеньРодства" category="Ref">
				<xr:TypeId>07bb685c-e0da-4040-9005-8f975710c7d1</xr:TypeId>
				<xr:ValueId>489a0c13-0a8a-4fa1-9cc7-0555fac0f130</xr:ValueId>
			</xr:GeneratedType>
			<xr:GeneratedType name="EnumManager.СтепеньРодства" category="Manager">
				<xr:TypeId>81fb4ff3-b961-43a8-bd30-b0adf092c7b3</xr:TypeId>
				<xr:ValueId>ce7968be-5de6-4289-aadb-b773df84f2aa</xr:ValueId>
			</xr:GeneratedType>
			<xr:GeneratedType name="EnumList.СтепеньРодства" category="List">
				<xr:TypeId>cc0b07a7-d44f-4523-94ad-32113e56f6e9</xr:TypeId>
				<xr:ValueId>60fec54f-a4a6-4cf8-a7a5-e758b855d242</xr:ValueId>
			</xr:GeneratedType>
		</InternalInfo>
		<Properties>
			<Name>СтепеньРодства</Name>
			<Synonym>
				<v8:item>
					<v8:lang>ru</v8:lang>
					<v8:content>Степень родства</v8:content>
				</v8:item>
			</Synonym>
			<Comment/>
			<UseStandardCommands>false</UseStandardCommands>
			<Characteristics/>
			<QuickChoice>true</QuickChoice>
			<ChoiceMode>BothWays</ChoiceMode>
			<DefaultListForm/>
			<DefaultChoiceForm/>
			<AuxiliaryListForm/>
			<AuxiliaryChoiceForm/>
			<ListPresentation/>
			<ExtendedListPresentation/>
			<Explanation/>
			<ChoiceHistoryOnInput>Auto</ChoiceHistoryOnInput>
		</Properties>
		<ChildObjects>
			<EnumValue uuid="ac34058c-5762-4747-a1c1-d0585f39cf3a">
				<Properties>
					<Name>Мать</Name>
					<Synonym>
						<v8:item>
							<v8:lang>ru</v8:lang>
							<v8:content>Мать</v8:content>
						</v8:item>
					</Synonym>
					<Comment/>
				</Properties>
			</EnumValue>
			<EnumValue uuid="8e2f738c-769d-4f79-8a32-d8691df1d584">
				<Properties>
					<Name>Отец</Name>
					<Synonym>
						<v8:item>
							<v8:lang>ru</v8:lang>
							<v8:content>Отец</v8:content>
						</v8:item>
					</Synonym>
					<Comment/>
				</Properties>
			</EnumValue>
			<EnumValue uuid="2afb4b38-4071-438d-8542-30416fc17f98">
				<Properties>
					<Name>Опекун</Name>
					<Synonym>
						<v8:item>
							<v8:lang>ru</v8:lang>
							<v8:content>Опекун</v8:content>
						</v8:item>
					</Synonym>
					<Comment/>
				</Properties>
			</EnumValue>
		</ChildObjects>
	</Enum>
</MetaDataObject>