﻿<?xml version="1.0" encoding="UTF-8"?>
<MetaDataObject xmlns="http://v8.1c.ru/8.3/MDClasses" xmlns:app="http://v8.1c.ru/8.2/managed-application/core" xmlns:cfg="http://v8.1c.ru/8.1/data/enterprise/current-config" xmlns:cmi="http://v8.1c.ru/8.2/managed-application/cmi" xmlns:ent="http://v8.1c.ru/8.1/data/enterprise" xmlns:lf="http://v8.1c.ru/8.2/managed-application/logform" xmlns:style="http://v8.1c.ru/8.1/data/ui/style" xmlns:sys="http://v8.1c.ru/8.1/data/ui/fonts/system" xmlns:v8="http://v8.1c.ru/8.1/data/core" xmlns:v8ui="http://v8.1c.ru/8.1/data/ui" xmlns:web="http://v8.1c.ru/8.1/data/ui/colors/web" xmlns:win="http://v8.1c.ru/8.1/data/ui/colors/windows" xmlns:xen="http://v8.1c.ru/8.3/xcf/enums" xmlns:xpr="http://v8.1c.ru/8.3/xcf/predef" xmlns:xr="http://v8.1c.ru/8.3/xcf/readable" xmlns:xs="http://www.w3.org/2001/XMLSchema" xmlns:xsi="http://www.w3.org/2001/XMLSchema-instance" version="2.19">
	<Enum uuid="feeb031d-d75a-4a13-89f4-542b76abb820">
		<InternalInfo>
			<xr:GeneratedType name="EnumRef.СтатусПосещаемости" category="Ref">
				<xr:TypeId>dd23a21a-029d-4bdd-a41d-937fe76dcbf1</xr:TypeId>
				<xr:ValueId>eeff62a8-0666-4856-9988-9f71ee3cd0ff</xr:ValueId>
			</xr:GeneratedType>
			<xr:GeneratedType name="EnumManager.СтатусПосещаемости" category="Manager">
				<xr:TypeId>dac8af20-f792-47fc-a3ec-474459dac4bc</xr:TypeId>
				<xr:ValueId>d6e53d28-b9d9-4fc4-a178-6bd3a38220e7</xr:ValueId>
			</xr:GeneratedType>
			<xr:GeneratedType name="EnumList.СтатусПосещаемости" category="List">
				<xr:TypeId>50c79f22-34ef-4810-94a9-74d5b5fdac72</xr:TypeId>
				<xr:ValueId>11846fb1-d976-4936-83d5-3e31330f0bbd</xr:ValueId>
			</xr:GeneratedType>
		</InternalInfo>
		<Properties>
			<Name>СтатусПосещаемости</Name>
			<Synonym>
				<v8:item>
					<v8:lang>ru</v8:lang>
					<v8:content>Статус посещаемости</v8:content>
				</v8:item>
			</Synonym>
			<Comment/>
			<UseStandardCommands>false</UseStandardCommands>
			<Characteristics/>
			<QuickChoice>true</QuickChoice>
			<ChoiceMode>BothWays</ChoiceMode>
			<DefaultListForm/>
			<DefaultChoiceForm/>
			<AuxiliaryListForm/>
			<AuxiliaryChoiceForm/>
			<ListPresentation/>
			<ExtendedListPresentation/>
			<Explanation/>
			<ChoiceHistoryOnInput>Auto</ChoiceHistoryOnInput>
		</Properties>
		<ChildObjects>
			<EnumValue uuid="7efc809a-9302-451d-a8ad-bec0625e0317">
				<Properties>
					<Name>н</Name>
					<Synonym>
						<v8:item>
							<v8:lang>ru</v8:lang>
							<v8:content>н (неуваж)</v8:content>
						</v8:item>
					</Synonym>
					<Comment>Отсутствие по неуважительной причине</Comment>
				</Properties>
			</EnumValue>
			<EnumValue uuid="db05d2c8-8365-4c93-820f-3ee073a78ce0">
				<Properties>
					<Name>б</Name>
					<Synonym>
						<v8:item>
							<v8:lang>ru</v8:lang>
							<v8:content>б (болел)</v8:content>
						</v8:item>
					</Synonym>
					<Comment>Отсутствие по причине болезни</Comment>
				</Properties>
			</EnumValue>
			<EnumValue uuid="a55a2591-430a-494c-9c4d-e7af56845d99">
				<Properties>
					<Name>п</Name>
					<Synonym>
						<v8:item>
							<v8:lang>ru</v8:lang>
							<v8:content>п (уваж)</v8:content>
						</v8:item>
					</Synonym>
					<Comment>Отсутствие по уважительной причине</Comment>
				</Properties>
			</EnumValue>
		</ChildObjects>
	</Enum>
</MetaDataObject>