﻿<?xml version="1.0" encoding="UTF-8"?>
<CommandInterface xmlns="http://v8.1c.ru/8.3/xcf/extrnprops" xmlns:xr="http://v8.1c.ru/8.3/xcf/readable" xmlns:xs="http://www.w3.org/2001/XMLSchema" xmlns:xsi="http://www.w3.org/2001/XMLSchema-instance" version="2.19">
	<CommandsVisibility>
		<Command name="Document.РегистрацияПропусковЗанятий.StandardCommand.OpenList">
			<Visibility>
				<xr:Common>true</xr:Common>
			</Visibility>
		</Command>
		<Command name="Document.РегистрацияПропусковЗанятий.StandardCommand.Create">
			<Visibility>
				<xr:Common>false</xr:Common>
			</Visibility>
		</Command>
		<Command name="Report.АнализПосещаемости.StandardCommand.Open">
			<Visibility>
				<xr:Common>true</xr:Common>
			</Visibility>
		</Command>
		<Command name="Report.ГрафическийРейтингОпозданий.StandardCommand.Open">
			<Visibility>
				<xr:Common>true</xr:Common>
			</Visibility>
		</Command>
		<Command name="Report.ПосещаемостьПоДням.StandardCommand.Open">
			<Visibility>
				<xr:Common>true</xr:Common>
			</Visibility>
		</Command>
	</CommandsVisibility>
	<CommandsPlacement>
		<Command name="Document.РегистрацияПропусковЗанятий.StandardCommand.OpenList">
			<CommandGroup>NavigationPanelOrdinary</CommandGroup>
			<Placement>Manual</Placement>
		</Command>
		<Command name="Document.РегистрацияПропусковЗанятий.StandardCommand.Create">
			<CommandGroup>ActionsPanelCreate</CommandGroup>
			<Placement>Manual</Placement>
		</Command>
		<Command name="Report.АнализПосещаемости.StandardCommand.Open">
			<CommandGroup>ActionsPanelReports</CommandGroup>
			<Placement>Manual</Placement>
		</Command>
		<Command name="Report.ГрафическийРейтингОпозданий.StandardCommand.Open">
			<CommandGroup>ActionsPanelReports</CommandGroup>
			<Placement>Manual</Placement>
		</Command>
		<Command name="Report.ПосещаемостьПоДням.StandardCommand.Open">
			<CommandGroup>ActionsPanelReports</CommandGroup>
			<Placement>Manual</Placement>
		</Command>
	</CommandsPlacement>
</CommandInterface>