﻿<?xml version="1.0" encoding="UTF-8"?>
<PredefinedData xmlns="http://v8.1c.ru/8.3/xcf/predef" xmlns:v8="http://v8.1c.ru/8.1/data/core" xmlns:xr="http://v8.1c.ru/8.3/xcf/readable" xmlns:xs="http://www.w3.org/2001/XMLSchema" xmlns:xsi="http://www.w3.org/2001/XMLSchema-instance" xsi:type="CatalogPredefinedItems" version="2.19">
	<Item id="ee355758-b9b0-40fd-93ce-0547c837981f">
		<Name>ОсновнаяОрганизация</Name>
		<Code xsi:type="xs:decimal">1</Code>
		<Description/>
		<IsFolder>false</IsFolder>
	</Item>
</PredefinedData>