﻿<?xml version="1.0" encoding="UTF-8"?>
<Form xmlns="http://v8.1c.ru/8.3/xcf/logform" xmlns:app="http://v8.1c.ru/8.2/managed-application/core" xmlns:cfg="http://v8.1c.ru/8.1/data/enterprise/current-config" xmlns:dcscor="http://v8.1c.ru/8.1/data-composition-system/core" xmlns:dcssch="http://v8.1c.ru/8.1/data-composition-system/schema" xmlns:dcsset="http://v8.1c.ru/8.1/data-composition-system/settings" xmlns:ent="http://v8.1c.ru/8.1/data/enterprise" xmlns:lf="http://v8.1c.ru/8.2/managed-application/logform" xmlns:style="http://v8.1c.ru/8.1/data/ui/style" xmlns:sys="http://v8.1c.ru/8.1/data/ui/fonts/system" xmlns:v8="http://v8.1c.ru/8.1/data/core" xmlns:v8ui="http://v8.1c.ru/8.1/data/ui" xmlns:web="http://v8.1c.ru/8.1/data/ui/colors/web" xmlns:win="http://v8.1c.ru/8.1/data/ui/colors/windows" xmlns:xr="http://v8.1c.ru/8.3/xcf/readable" xmlns:xs="http://www.w3.org/2001/XMLSchema" xmlns:xsi="http://www.w3.org/2001/XMLSchema-instance" version="2.19">
	<AutoTitle>false</AutoTitle>
	<AutoCommandBar name="ФормаКоманднаяПанель" id="-1">
		<Autofill>false</Autofill>
	</AutoCommandBar>
	<Events>
		<Event name="OnOpen">СправочникОрг</Event>
	</Events>
	<ChildItems>
		<UsualGroup name="Группа1" id="1">
			<VerticalStretch>false</VerticalStretch>
			<GroupHorizontalAlign>Center</GroupHorizontalAlign>
			<HorizontalAlign>Center</HorizontalAlign>
			<ExtendedTooltip name="Группа1РасширеннаяПодсказка" id="2"/>
			<ChildItems>
				<LabelField name="Реквизит1КраткоеНаименование" id="3">
					<DataPath>Реквизит1.КраткоеНаименование</DataPath>
					<TitleLocation>None</TitleLocation>
					<HorizontalAlign>Center</HorizontalAlign>
					<GroupHorizontalAlign>Center</GroupHorizontalAlign>
					<ContextMenu name="Реквизит1КраткоеНаименованиеКонтекстноеМеню" id="4"/>
					<ExtendedTooltip name="Реквизит1КраткоеНаименованиеРасширеннаяПодсказка" id="5"/>
				</LabelField>
				<LabelField name="Реквизит1НаименованиеПолное" id="6">
					<DataPath>Реквизит1.НаименованиеПолное</DataPath>
					<TitleLocation>None</TitleLocation>
					<HorizontalAlign>Center</HorizontalAlign>
					<GroupHorizontalAlign>Center</GroupHorizontalAlign>
					<ContextMenu name="Реквизит1НаименованиеПолноеКонтекстноеМеню" id="7"/>
					<ExtendedTooltip name="Реквизит1НаименованиеПолноеРасширеннаяПодсказка" id="8"/>
				</LabelField>
				<LabelField name="Реквизит1Город" id="9">
					<DataPath>Реквизит1.Город</DataPath>
					<TitleLocation>None</TitleLocation>
					<HorizontalAlign>Center</HorizontalAlign>
					<GroupHorizontalAlign>Center</GroupHorizontalAlign>
					<ContextMenu name="Реквизит1ГородКонтекстноеМеню" id="10"/>
					<ExtendedTooltip name="Реквизит1ГородРасширеннаяПодсказка" id="11"/>
				</LabelField>
				<Button name="ИзменитьОрганизацию" id="12">
					<Type>Hyperlink</Type>
					<CommandName>Form.Command.ИзменитьОрганизацию</CommandName>
					<TextColor>#1C55AE</TextColor>
					<Title>
						<v8:item>
							<v8:lang>ru</v8:lang>
							<v8:content>Изменить данные об учебном заведении</v8:content>
						</v8:item>
					</Title>
					<ExtendedTooltip name="ИзменитьОрганизациюРасширеннаяПодсказка" id="13"/>
				</Button>
				<PictureDecoration name="Заставка" id="14">
					<Width>77</Width>
					<Height>23</Height>
					<Title formatted="false">
						<v8:item>
							<v8:lang>ru</v8:lang>
							<v8:content>Заставка</v8:content>
						</v8:item>
					</Title>
					<Picture>
						<xr:Ref>CommonPicture.Заставка</xr:Ref>
						<xr:LoadTransparent>true</xr:LoadTransparent>
					</Picture>
					<ContextMenu name="ЗаставкаКонтекстноеМеню" id="15"/>
					<ExtendedTooltip name="ЗаставкаРасширеннаяПодсказка" id="16"/>
				</PictureDecoration>
			</ChildItems>
		</UsualGroup>
	</ChildItems>
	<Attributes>
		<Attribute name="Реквизит1" id="1">
			<Type>
				<v8:Type>cfg:CatalogRef.Организация</v8:Type>
			</Type>
		</Attribute>
	</Attributes>
	<Commands>
		<Command name="ИзменитьОрганизацию" id="1">
			<Title>
				<v8:item>
					<v8:lang>ru</v8:lang>
					<v8:content>Изменить организацию</v8:content>
				</v8:item>
			</Title>
			<ToolTip>
				<v8:item>
					<v8:lang>ru</v8:lang>
					<v8:content>Изменить организацию</v8:content>
				</v8:item>
			</ToolTip>
			<Action>ИзменитьОрганизацию</Action>
		</Command>
	</Commands>
</Form>